{
    "accuracy": 0.9766396886434066,
    "sensitivity": 0.9616450153895251,
    "specificity": 1.0,
    "precision": 0.9680680556446329,
    "f1_score": 0.9785189635985196,
    "auc_roc": 1.0
}